{
  "id": "20260702-052555-tree-049e58",
  "environment": "tree",
  "status": "finished",
  "finished": "2026-07-02T05:27:19",
  "gen": 247,
  "best": {
    "score": 0.0843,
    "base": 0.2888
  },
  "checkpoint": "model.npz",
  "eval": {
    "accuracy": 0.08425,
    "train_accuracy": null,
    "bigram_accuracy": 0.28875,
    "tokens_per_sec": 148161.50340880992,
    "unique_predictions": 10,
    "target_entropy": 4.662410945138305,
    "total_params": 90814,
    "train_seconds": 83.8
  }
}