{
 "gain": [
  [
   0.14298928622156382,
   0.2721518073230982,
   0.2516673468053341,
   0.23271766304969788,
   0.24321004375815392,
   0.21537159197032452,
   0.46230030059814453
  ],
  [
   0.3821462206542492,
   0.2604043520987034,
   0.219821035861969,
   0.2701033242046833,
   0.189020412042737,
   0.15978463785722852,
   0.387786690145731
  ],
  [
   0.3578089028596878,
   0.23752083629369736,
   0.2374237384647131,
   0.2959889583289623,
   0.34122820012271404,
   0.2755890153348446,
   0.42307594418525696
  ],
  [
   0.2830293904989958,
   0.16370886005461216,
   0.2618910223245621,
   0.22460944950580597,
   0.17464106157422066,
   0.20899353548884392,
   0.22279359586536884
  ],
  [
   0.1453092936426401,
   0.16769922710955143,
   0.19760578032582998,
   0.23058019950985909,
   0.31955112610012293,
   0.40212323889136314,
   0.17782172933220863
  ],
  [
   0.21036960929632187,
   0.2238046694546938,
   0.2023542895913124,
   0.23099427670240402,
   0.1941981539130211,
   0.26565712690353394,
   0.16447882261127234
  ],
  [
   0.17117858491837978,
   0.18550909124314785,
   0.10181660111993551,
   0.1902753133326769,
   0.1808276455849409,
   0.11127039417624474,
   0.11772833205759525
  ]
 ],
 "horizon": [
  [
   1.59375,
   1.828125,
   2.0625,
   1.90625,
   1.875,
   1.75,
   1.953125
  ],
  [
   2.875,
   2.1875,
   1.953125,
   2.25,
   1.890625,
   1.34375,
   1.953125
  ],
  [
   2.515625,
   1.734375,
   1.796875,
   2.09375,
   1.859375,
   1.75,
   2.046875
  ],
  [
   2.34375,
   1.65625,
   2.109375,
   1.6875,
   1.59375,
   1.65625,
   1.59375
  ],
  [
   1.5,
   1.453125,
   1.890625,
   1.796875,
   2.015625,
   1.984375,
   1.421875
  ],
  [
   2.0,
   1.859375,
   1.75,
   1.796875,
   1.5,
   1.75,
   1.46875
  ],
  [
   1.921875,
   2.046875,
   1.296875,
   1.859375,
   1.84375,
   1.609375,
   1.34375
  ]
 ],
 "M": [
  [
   3.25,
   3.75,
   3.0,
   2.5,
   2.75,
   2.0,
   4.25
  ],
  [
   5.5,
   3.75,
   3.5,
   3.0,
   3.75,
   2.0,
   5.5
  ],
  [
   4.0,
   2.5,
   2.5,
   3.75,
   3.5,
   4.5,
   4.75
  ],
  [
   2.5,
   2.0,
   4.0,
   2.75,
   2.25,
   2.5,
   2.75
  ],
  [
   2.0,
   2.25,
   3.0,
   3.75,
   3.25,
   2.25,
   2.0
  ],
  [
   2.0,
   2.25,
   2.25,
   2.75,
   2.25,
   2.0,
   2.25
  ],
  [
   2.5,
   3.0,
   2.0,
   2.25,
   2.25,
   2.0,
   2.0
  ]
 ],
 "rhos": [
  0.0,
  0.13,
  0.27,
  0.4,
  0.53,
  0.67,
  0.8
 ],
 "decays": [
  1.0,
  0.93,
  0.87,
  0.8,
  0.73,
  0.67,
  0.6
 ]
}