{
  "id": "20260702-122039-tree-da92ca",
  "environment": "tree",
  "status": "finished",
  "finished": "2026-07-02T12:22:15",
  "gen": 12,
  "best": {
    "score": 0.1698,
    "base": 0.2892
  },
  "checkpoint": "model.npz",
  "eval": {
    "accuracy": 0.16983333333333334,
    "train_accuracy": null,
    "bigram_accuracy": 0.2891666666666667,
    "tokens_per_sec": 200506.91971221645,
    "unique_predictions": 31,
    "target_entropy": 4.665218537488457,
    "total_params": 58444,
    "train_seconds": 95.7
  }
}