{
 "text|0.0": {
  "M": 2.5,
  "gain": 0.14411520585417747,
  "horizon": 1.875
 },
 "text|0.2": {
  "M": 2.0,
  "gain": 0.05486991070210934,
  "horizon": 1.0
 },
 "text|0.4": {
  "M": 2.5,
  "gain": 0.10606794338673353,
  "horizon": 1.84375
 },
 "text|0.6": {
  "M": 2.5,
  "gain": 0.07164236344397068,
  "horizon": 1.03125
 },
 "text|0.8": {
  "M": 2.0,
  "gain": 0.1660364456474781,
  "horizon": 1.53125
 },
 "longrange|0.0": {
  "M": 2.0,
  "gain": 0.06147347576916218,
  "horizon": 1.1875
 },
 "longrange|0.2": {
  "M": 2.5,
  "gain": 0.23209404200315475,
  "horizon": 1.90625
 },
 "longrange|0.4": {
  "M": 3.0,
  "gain": 0.36690138280391693,
  "horizon": 3.09375
 },
 "longrange|0.6": {
  "M": 2.0,
  "gain": 0.11565600335597992,
  "horizon": 1.78125
 },
 "longrange|0.8": {
  "M": 2.5,
  "gain": 0.12116659060120583,
  "horizon": 1.96875
 }
}