{
 "text|0.0": {
  "M": 2.5,
  "gain": 0.14411520585417747,
  "horizon": 1.875
 },
 "text|0.25": {
  "M": 2.0,
  "gain": 0.07840158604085445,
  "horizon": 1.71875
 },
 "text|0.5": {
  "M": 2.0,
  "gain": 0.170604906976223,
  "horizon": 1.6875
 },
 "text|1.0": {
  "M": 2.5,
  "gain": 0.09387981938198209,
  "horizon": 1.71875
 },
 "text|2.0": {
  "M": 2.0,
  "gain": 0.0469780582934618,
  "horizon": 1.28125
 },
 "longrange|0.0": {
  "M": 2.0,
  "gain": 0.06147347576916218,
  "horizon": 1.1875
 },
 "longrange|0.25": {
  "M": 2.0,
  "gain": 0.03919439855962992,
  "horizon": 1.34375
 },
 "longrange|0.5": {
  "M": 2.0,
  "gain": 0.09011740237474442,
  "horizon": 1.40625
 },
 "longrange|1.0": {
  "M": 2.0,
  "gain": 0.10486125852912664,
  "horizon": 1.8125
 },
 "longrange|2.0": {
  "M": 2.0,
  "gain": 0.1361236833035946,
  "horizon": 2.0
 }
}