{
  "id": "20260702-054441-tree-305733",
  "environment": "tree",
  "status": "finished",
  "finished": "2026-07-02T05:45:27",
  "gen": 54,
  "best": {
    "score": 0.1645,
    "base": 0.3005
  },
  "checkpoint": "model.npz",
  "eval": {
    "accuracy": 0.1645,
    "train_accuracy": null,
    "bigram_accuracy": 0.3005,
    "tokens_per_sec": 222208.89512860586,
    "unique_predictions": 14,
    "target_entropy": 4.596282760051146,
    "total_params": 63124,
    "train_seconds": 46.3
  }
}