{
  "gamma_star": 43.75,
  "baseline": {
    "ce": 10.39143709007308,
    "top1": 0.500366927592955,
    "top5": 0.5797455968688845,
    "logit_std": 0.0030756753403693438,
    "p_tgt": 3.460253618016052e-05,
    "p_argmax": 3.5711247455729665e-05,
    "entropy": 10.85206224773728
  },
  "post": {
    "ce": 5.518697301935543,
    "top1": 0.500366927592955,
    "top5": 0.5797455968688845,
    "logit_std": 0.13456079363822937,
    "p_tgt": 0.4619425719498188,
    "p_argmax": 0.4947348592799237,
    "entropy": 5.510349758917105
  },
  "ce_delta": 4.872739788137537,
  "entropy_delta": 5.341712488820175
}