{
  "best_fit": -7.086920738220215,
  "best_gen": 92,
  "best_CE": 7.086920738220215
}