{
  "shipped_bidir": {
    "top1": 0.1394936442375183,
    "top5": 0.5511863827705383
  },
  "matched_causal": {
    "top1": 0.5050146579742432,
    "top5": 0.5837817788124084
  },
  "A_fullvocab_r1": {
    "top1": 0.4833659529685974,
    "top5": 0.5348581075668335
  },
  "A2_cloze2k": {
    "top1": 0.41077542304992676,
    "top5": 0.5135151743888855
  },
  "A1_alt_r2": {
    "top1": 0.23232631385326385,
    "top5": 0.4639187753200531
  },
  "A1_alt_r3": {
    "top1": 0.4705846309661865,
    "top5": 0.5205479264259338
  }
}